﻿{"IDLIVRO":1, "Titulo":"As Cruzadas Vistas Pelos Árabes", "Editora":"Difel","Autoria":{"IDAutor":"Maalouf","Nome":"Amin Maalouf","Nacionalidade":"Libanês"}}
{"IDLIVRO":2, "Titulo":"O Buraco Na Parede", "Editora":"Campo das Letras","Autoria":{"IDAutor":"Fonseca","Nome":"Ruben Fonseca", "Nacionalidade":"Brasileiro"}}
{"IDLIVRO":3, "Titulo":"O Desejo De Kianda", "Editora":"Dom Quixote","Autoria":{"IDAutor":"Pepetela","Nome":"Pepetela", "Nacionalidade":"Angolano"}}
{"IDLIVRO":4, "Titulo":"O Rochedo De Tanios", "Editora":"Difel","Autoria":{"IDAutor":"Maalouf","Nome":"Amin Maalouf", "Nacionalidade":"Libanês"}}
{"IDLIVRO":5, "Titulo":"E Se Tivesse A Bondade De Me Dizer Porquê ?", "Editora":"Edições Rolim","Autoria":[{"IDAutor":"Correia","Nome":"Clara Pinto Corrêia", "Nacionalidade":"Português"},{"IDAutor":"Carvalho","Nome":"Mário de Carvalho", "Nacionalidade":"Português"}]}
{"IDLIVRO":6, "Titulo":"Os Prisioneiros", "Editora":"Companhia das Letras","Autoria":{"IDAutor":"Fonseca","Nome":"Ruben Fonseca", "Nacionalidade":"Brasileiro"}}
{"IDLIVRO":7, "Titulo":"Yaka", "Editora":"Dom Quixote","Autoria":{"IDAutor":"Pepetela","Nome":"Pepetela", "Nacionalidade":"Angolano"}}
{"IDLIVRO":8, "Titulo":"Cavalos Em Fuga", "Editora":"Editorial Presença","Autoria":{"IDAutor":"Mishima","Nome":"Yukio Mishima", "Nacionalidade":"Japonês"}}
{"IDLIVRO":9, "Titulo":"A Coleira Do Cão", "Editora":"Companhia das Letras","Autoria":{"IDAutor":"Fonseca","Nome":"Ruben Fonseca", "Nacionalidade":"Brasileiro"}}
{"IDLIVRO":10, "Titulo":"Samarcanda", "Editora":"Difel","Autoria":{"IDAutor":"Maalouf","Nome":"Amin Maalouf", "Nacionalidade":"Libanês"}}
{"IDLIVRO":11, "Titulo":"Morte Em Pleno Verão", "Editora":"Relógio Dágua","Autoria":{"IDAutor":"Mishima","Nome":"Yukio Mishima", "Nacionalidade":"Japonês"}}
{"IDLIVRO":12, "Titulo":"A Jangada De Pedra", "Editora":"Caminho","Autoria":{"IDAutor":"Saramago","Nome":"José Saramago","Nacionalidade":"Português"}}
{"IDLIVRO":13, "Titulo":"Agosto", "Editora":"Dom Quixote","Autoria":{"IDAutor":"Fonseca","Nome":"Ruben Fonseca", "Nacionalidade":"Brasileiro"}}
{"IDLIVRO":14, "Titulo":"Sede De Amar", "Editora":"Editorial Presença","Autoria":{"IDAutor":"Mishima","Nome":"Yukio Mishima", "Nacionalidade":"Japonês"}}
{"IDLIVRO":15, "Titulo":"Escalas Do Levante", "Editora":"Difel","Autoria":{"IDAutor":"Maalouf","Nome":"Amin Maalouf", "Nacionalidade":"Libanês"}}
{"IDLIVRO":16, "Titulo":"Deste Mundo E Do Outro", "Editora":"Arcádia","Autoria":{"IDAutor":"Saramago","Nome":"José Saramago", "Nacionalidade":"Português"}}
{"IDLIVRO":17, "Titulo":"Lúcia McCartney", "Editora":"Companhia das Letras","Autoria":{"IDAutor":"Fonseca","Nome":"Ruben Fonseca", "Nacionalidade":"Brasileiro"}}
{"IDLIVRO":18, "Titulo":"Os Meteoros", "Editora":"Dom Quixote","Autoria":{"IDAutor":"Tournier","Nome":"Michael Tournier", "Nacionalidade":"Françês"}}
{"IDLIVRO":19, "Titulo":"Lituma Nos Andes", "Editora":"Dom Quixote","Autoria":{"IDAutor":"Llosa","Nome":"Mario Vargas Llosa", "Nacionalidade":"Peruano"}}
{"IDLIVRO":20, "Titulo":"Leão, O Africano", "Editora":"Bertrand","Autoria":{"IDAutor":"Maalouf","Nome":"Amin Maalouf", "Nacionalidade":"Libanês"}}
{"IDLIVRO":21, "Titulo":"A Geração Da Utopia", "Editora":"Dom Quixote","Autoria":{"IDAutor":"Pepetela","Nome":"Pepetela", "Nacionalidade":"Angolano"}}
{"IDLIVRO":22, "Titulo":"História Do Cerco De Lisboa", "Editora":"Caminho","Autoria":{"IDAutor":"Saramago","Nome":"José Saramago", "Nacionalidade":"Português"}}
{"IDLIVRO":23, "Titulo":"O Selvagem Da Ópera", "Editora":"Companhia das Letras","Autoria":{"IDAutor":"Fonseca","Nome":"Ruben Fonseca", "Nacionalidade":"Brasileiro"}}
{"IDLIVRO":24, "Titulo":"Horas Más", "Editora":"Queztal","Autoria":{"IDAutor":"Marquez","Nome":"Gabriel Garcia Marquez", "Nacionalidade":"Colombiano"}}
{"IDLIVRO":25, "Titulo":"Os Jardins De Luz", "Editora":"Difel","Autoria":{"IDAutor":"Maalouf","Nome":"Amin Maalouf", "Nacionalidade":"Libanês"}}
{"IDLIVRO":26, "Titulo":"Romance Negro E Outras Histórias", "Editora":"Campo das Letras","Autoria":{"IDAutor":"Fonseca","Nome":"Ruben Fonseca", "Nacionalidade":"Brasileiro"}}
{"IDLIVRO":27, "Titulo":"Uma Ceia De Amor", "Editora":"Dom Quixote","Autoria":{"IDAutor":"Tournier","Nome":"Michael Tournier", "Nacionalidade":"Françês"}}
{"IDLIVRO":28, "Titulo":"O Caso Morel", "Editora":"Bertrand","Autoria":{"IDAutor":"Fonseca","Nome":"Ruben Fonseca", "Nacionalidade":"Brasileiro"}}
{"IDLIVRO":29, "Titulo":"Ensaio Sobre A Cegueira", "Editora":"Caminho","Autoria":{"IDAutor":"Saramago","Nome":"José Saramago", "Nacionalidade":"Português"}}
{"IDLIVRO":30, "Titulo":"O Século Primeiro Depois De Beatriz", "Editora":"Difel","Autoria":{"IDAutor":"Maalouf","Nome":"Amin Maalouf", "Nacionalidade":"Libanês"}}
{"IDLIVRO":31, "Titulo":"Feliz Ano Novo", "Editora":"Contexto","Autoria":{"IDAutor":"Fonseca","Nome":"Ruben Fonseca", "Nacionalidade":"Brasileiro"}}
{"IDLIVRO":32, "Titulo":"Gaspar, Belchior & Baltasar", "Editora":"Dom Quixote","Autoria":{"IDAutor":"Tournier","Nome":"Michael Tournier", "Nacionalidade":"Françês"}}
{"IDLIVRO":33, "Titulo":"Um Deus Passeando Pela Brisa Da Tarde", "Editora":"Caminho","Autoria":{"IDAutor":"Carvalho","Nome":"Mário de Carvalho", "Nacionalidade":"Português"}}
{"IDLIVRO":34, "Titulo":"Parábola Do Cágado Velho", "Editora":"Dom Quixote","Autoria":{"IDAutor":"Pepetela","Nome":"Pepetela", "Nacionalidade":"Angolano"}}
{"IDLIVRO":35, "Titulo":"Giles & Jeanne", "Editora":"Dom Quixote","Autoria":{"IDAutor":"Tournier","Nome":"Michael Tournier", "Nacionalidade":"Françês"}}
{"IDLIVRO":36, "Titulo":"O Cobrador", "Editora":"Companhia das Letras","Autoria":{"IDAutor":"Fonseca","Nome":"Ruben Fonseca", "Nacionalidade":"Brasileiro"}}
{"IDLIVRO":37, "Titulo":"Adeus Princesa", "Editora":"Dom Quixote","Autoria":{"IDAutor":"Correia","Nome":"Clara Pinto Corrêia", "Nacionalidade":"Português"}}
{"IDLIVRO":38, "Titulo":"A Grande Arte", "Editora":"Edições 70","Autoria":{"IDAutor":"Fonseca","Nome":"Ruben Fonseca", "Nacionalidade":"Brasileiro"}}
{"IDLIVRO":39, "Titulo":"A Casa Verde", "Editora":"Livros do Brasil","Autoria":{"IDAutor":"Llosa","Nome":"Mario Vargas Llosa", "Nacionalidade":"Peruano"}}
{"IDLIVRO":40, "Titulo":"Bufo & Spallanzani", "Editora":"Companhia das Letras","Autoria":{"IDAutor":"Fonseca","Nome":"Ruben Fonseca", "Nacionalidade":"Brasileiro"}}
{"IDLIVRO":41, "Titulo":"Lueji", "Editora":"Dom Quixote","Autoria":{"IDAutor":"Pepetela","Nome":"Pepetela", "Nacionalidade":"Angolano"}}
{"IDLIVRO":42, "Titulo":"Vastas Emoções E Pensamentos Imperfeitos", "Editora":"Dom Quixote","Autoria":{"IDAutor":"Fonseca","Nome":"Ruben Fonseca", "Nacionalidade":"Brasileiro"}}
{"IDLIVRO":43, "Titulo":"Conversa Na Catedral", "Editora":"Circulo de Leitores","Autoria":{"IDAutor":"Llosa","Nome":"Mario Vargas Llosa", "Nacionalidade":"Peruano"}}
{"IDLIVRO":44, "Titulo":"Agrião", "Editora":"Relógio Dágua","Autoria":{"IDAutor":"Correia","Nome":"Clara Pinto Corrêia", "Nacionalidade":"Português"}}
{"IDLIVRO":45, "Titulo":"Como Peixe Na Água", "Editora":"Dom Quixote","Autoria":{"IDAutor":"Llosa","Nome":"Mario Vargas Llosa", "Nacionalidade":"Peruano"}}
{"IDLIVRO":46, "Titulo":"A Cidade E Os Cães", "Editora":"Europa América","Autoria":{"IDAutor":"Llosa","Nome":"Mario Vargas Llosa", "Nacionalidade":"Peruano"}}
{"IDLIVRO":47, "Titulo":"A Paixão Do Conde De Fróis", "Editora":"Edições Rolim","Autoria":{"IDAutor":"Carvalho","Nome":"Mário de Carvalho", "Nacionalidade":"Português"}}
{"IDLIVRO":48, "Titulo":"Olhos E Cão Azul", "Editora":"Queztal","Autoria":{"IDAutor":"Marquez","Nome":"Gabriel Garcia Marquez", "Nacionalidade":"Colombiano"}}
{"IDLIVRO":49, "Titulo":"Domingo De Ramos", "Editora":"Circulo de Leitores","Autoria":{"IDAutor":"Correia","Nome":"Clara Pinto Corrêia", "Nacionalidade":"Português"}}
{"IDLIVRO":50, "Titulo":"A Inaudita Guerra Da Avenida Gago Coutinho", "Editora":"Caminho","Autoria":{"IDAutor":"Carvalho","Nome":"Mário de Carvalho", "Nacionalidade":"Português"}}
{"IDLIVRO":51, "Titulo":"A Guerra Do Fim Do Mundo", "Editora":"Bertrand","Autoria":{"IDAutor":"Llosa","Nome":"Mario Vargas Llosa", "Nacionalidade":"Peruano"}}
{"IDLIVRO":52, "Titulo":"A Incrível E Triste História Da Cândida Eréndira E Da Sua Avó Desalmada", "Editora":"Europa América","Autoria":{"IDAutor":"Marquez","Nome":"Gabriel Garcia Marquez", "Nacionalidade":"Colombiano"}}
{"IDLIVRO":53, "Titulo":"Um Esquema", "Editora":"Edições Rolim","Autoria":{"IDAutor":"Correia","Nome":"Clara Pinto Corrêia", "Nacionalidade":"Português"}}
{"IDLIVRO":54, "Titulo":"Casos Do Beco Das Sardinheiras", "Editora":"Caminho","Autoria":{"IDAutor":"Carvalho","Nome":"Mário de Carvalho", "Nacionalidade":"Português"}}
{"IDLIVRO":55, "Titulo":"Quem Matou Palomito Molero ?", "Editora":"Dom Quixote","Autoria":{"IDAutor":"Llosa","Nome":"Mario Vargas Llosa", "Nacionalidade":"Peruano"}}
{"IDLIVRO":56, "Titulo":"O General No Seu Labirinto", "Editora":"Dom Quixote","Autoria":{"IDAutor":"Marquez","Nome":"Gabriel Garcia Marquez", "Nacionalidade":"Colombiano"}}
{"IDLIVRO":57, "Titulo":"Ponto Pé De Flor", "Editora":"Dom Quixote","Autoria":{"IDAutor":"Correia","Nome":"Clara Pinto Corrêia", "Nacionalidade":"Português"}}
{"IDLIVRO":58, "Titulo":"História De Mayta", "Editora":"Dom Quixote","Autoria":{"IDAutor":"Llosa","Nome":"Mario Vargas Llosa", "Nacionalidade":"Peruano"}}
{"IDLIVRO":59, "Titulo":"O Falador", "Editora":"Dom Quixote","Autoria":{"IDAutor":"Llosa","Nome":"Mario Vargas Llosa", "Nacionalidade":"Peruano"}}
{"IDLIVRO":60, "Titulo":"A Revoada", "Editora":"Queztal","Autoria":{"IDAutor":"Marquez","Nome":"Gabriel Garcia Marquez", "Nacionalidade":"Colombiano"}}
{"IDLIVRO":61, "Titulo":"Do Amor E Outros Demónios", "Editora":"Dom Quixote","Autoria":{"IDAutor":"Marquez","Nome":"Gabriel Garcia Marquez", "Nacionalidade":"Colombiano"}}
{"IDLIVRO":62, "Titulo":"Pantaleão E As Visitadoras", "Editora":"Europa América","Autoria":{"IDAutor":"Llosa","Nome":"Mario Vargas Llosa", "Nacionalidade":"Peruano"}}
{"IDLIVRO":63, "Titulo":"O Outono Do Patriarca", "Editora":"Europa América","Autoria":{"IDAutor":"Marquez","Nome":"Gabriel Garcia Marquez", "Nacionalidade":"Colombiano"}}
{"IDLIVRO":64, "Titulo":"Os Cachoros Os Chefes", "Editora":"Bertrand","Autoria":{"IDAutor":"Marquez","Nome":"Gabriel Garcia Marquez", "Nacionalidade":"Colombiano"}}
{"IDLIVRO":65, "Titulo":"Cem Anos De Solidão", "Editora":"Europa América","Autoria":{"IDAutor":"Marquez","Nome":"Gabriel Garcia Marquez", "Nacionalidade":"Colombiano"}}
{"IDLIVRO":66, "Titulo":"A Tia Julia E O Escrevedor", "Editora":"Dom Quixote","Autoria":{"IDAutor":"Llosa","Nome":"Mario Vargas Llosa", "Nacionalidade":"Peruano"}}
{"IDLIVRO":67, "Titulo":"Elogio Da Madrasta", "Editora":"Dom Quixote","Autoria":{"IDAutor":"Llosa","Nome":"Mario Vargas Llosa", "Nacionalidade":"Peruano"}}
{"IDLIVRO":68, "Titulo":"As Aventuras De Miguel Littín Clandestino No Chile", "Editora":"O Jornal","Autoria":{"IDAutor":"Marquez","Nome":"Gabriel Garcia Marquez", "Nacionalidade":"Colombiano"}}
{"IDLIVRO":69, "Titulo":"Ninguém Escreve Ao Coronel", "Editora":"Europa América","Autoria":{"IDAutor":"Marquez","Nome":"Gabriel Garcia Marquez", "Nacionalidade":"Colombiano"}}